eval,pooled,static,passed,obj,x0,x1,x2,x3,x4,x5,x6,x7
1,44.5610,43.2400,1,44.5610,0.90000,0.17000,0.00000,0.00000,0.30000,0.10000,0.00000,0.00000
2,43.1000,44.7790,1,43.1000,0.99646,-0.18570,0.46037,-0.41663,0.56281,0.35560,-0.73948,-0.64309
3,43.5940,43.8110,1,43.5940,2.80410,0.03859,0.43437,-0.05403,0.34459,0.00504,-0.12821,0.27268
4,41.5190,44.5690,1,41.5190,1.93257,-0.09126,-0.16910,0.39155,0.20425,0.46105,-0.17150,-0.95541
5,42.7030,43.0230,0,-57.2970,0.43636,0.12580,-0.04381,0.05272,1.32295,0.28777,0.08968,-0.10540
6,44.3660,44.5220,1,44.3660,0.43255,-0.03263,0.90662,-0.17856,0.42490,-0.05832,0.86666,-0.17046
7,43.2300,38.0470,0,-56.7700,1.19429,0.51698,0.81843,-0.92356,0.54372,0.19588,0.16991,0.47934
8,43.1120,39.6750,0,-56.8880,1.36145,0.42976,0.37942,-0.39977,0.83414,-0.09321,0.52827,0.01800
9,44.1300,44.4460,1,44.1300,1.56942,0.04040,0.56778,-0.63778,0.63983,0.16782,-0.87693,-0.26537
10,40.9460,40.1560,0,-59.0540,2.40228,0.47570,-0.84283,0.89804,0.79326,0.49225,-0.02964,0.22172
11,41.8360,36.6080,0,-58.1640,1.42456,0.58179,-0.55895,-0.97276,0.11483,0.41509,-0.25591,0.50916
12,43.9120,44.4880,1,43.9120,1.48627,0.00829,0.13522,0.31084,0.48961,0.20796,-0.53519,-0.30768
13,44.1200,43.0370,0,-55.8800,1.59347,0.22343,-0.11739,0.47123,0.84200,0.07311,-0.24904,-0.76591
14,41.6870,40.6660,0,-58.3130,2.89249,0.40235,0.17678,0.90267,1.42673,0.36176,-0.43553,0.64648
15,42.4980,39.7420,0,-57.5020,2.61783,0.53279,0.98360,0.10159,0.66474,-0.15101,-0.68956,-0.57657
16,42.1480,44.8330,1,42.1480,1.29221,-0.05493,-0.35855,-0.28017,1.17509,0.25961,0.73152,-0.81129
17,41.6870,37.0180,0,-58.3130,1.08138,0.55724,0.23698,-0.59514,1.11316,0.30279,0.12886,-0.54406
18,41.8920,41.5160,0,-58.1080,2.93787,0.29889,0.03610,0.61461,0.15488,-0.16630,-0.97812,0.77392
19,43.6210,42.9410,0,-56.3790,0.33704,0.17408,-0.79906,0.80685,0.94796,0.23868,-0.32764,0.98635
20,42.4670,40.8940,0,-57.5330,2.76357,0.37906,-0.71512,-0.12843,1.22843,-0.02036,0.79909,-0.04654
21,40.1240,42.4470,0,-59.8760,2.14410,0.25856,-0.25931,0.17950,1.45540,0.38600,0.59519,0.11189
22,43.9990,44.4230,1,43.9990,0.72629,-0.00790,0.34952,-0.76912,0.93055,0.05517,0.41270,0.74371
23,41.8590,39.6640,0,-58.1410,2.00855,0.49923,-0.86109,-0.54804,1.21179,0.22445,0.99303,0.06120
24,42.6990,43.6600,1,42.6990,1.14959,0.11003,0.64810,-0.32139,1.25724,0.40899,-0.61718,-0.05659
25,43.6350,43.9550,1,43.6350,1.76677,0.07152,-0.91041,0.25898,0.72638,0.10393,0.36368,-0.44084
26,44.0570,41.7000,0,-55.9430,0.51048,0.20907,0.78089,-0.74699,0.26142,0.14246,-0.55118,0.33792
27,40.9850,44.2860,1,40.9850,2.68228,-0.14335,-0.09499,0.50660,1.03321,0.43332,0.00059,0.38990
28,42.0100,44.9560,1,42.0100,1.69708,-0.12720,0.89865,-0.85650,1.38877,0.31561,0.46388,0.41067
29,43.9200,43.6800,1,43.9200,1.80831,0.15306,0.07605,0.59702,0.75500,0.08522,0.20290,0.55417
30,42.9540,41.3000,0,-57.0460,0.85327,0.34767,0.66409,0.75066,1.47972,0.04417,-0.09253,-0.49530
31,42.7870,40.9790,0,-57.2130,2.38331,0.38051,-0.51304,0.41078,1.12810,0.16498,0.28397,-0.94564
32,42.0300,41.7790,0,-57.9700,2.29248,0.31393,-0.20220,0.67932,1.33715,-0.10076,-0.83677,-0.69193
33,39.6440,44.9370,1,39.6440,0.81658,-0.10863,0.71159,0.04332,0.97586,0.46520,0.93853,-0.74355
34,43.0450,44.9610,1,43.0450,0.66177,-0.07273,-0.67149,-0.67807,1.06701,-0.14024,0.60082,0.85406
35,43.3910,37.8140,0,-56.6090,0.97343,0.56464,0.52587,0.96227,0.46983,-0.07557,0.69887,0.16049
36,42.2860,43.7140,1,42.2860,2.49727,0.08595,-0.62668,-0.00760,0.22326,-0.11920,-0.36324,0.90735
37,43.9030,41.4290,0,-56.0970,2.09122,0.33793,-0.32040,-0.80277,0.29834,0.13248,-0.47384,-0.23492
38,44.1960,42.3630,0,-55.8040,0.60079,0.19231,-0.43407,-0.21780,0.35056,-0.04040,-0.75281,-0.35189
39,43.4440,40.2590,0,-56.5560,2.20253,0.45169,-0.49679,0.74747,0.40933,0.01473,0.30103,0.69383
40,42.6700,42.1470,0,-57.3300,2.57272,0.27228,-0.96986,0.22452,0.62084,-0.18870,0.82557,-0.86097
41,43.0980,42.8960,0,-56.9020,2.75126,0.17150,0.10987,0.00000,0.54316,0.23407,0.00000,-0.44314
42,38.3130,37.6540,0,-61.6870,1.21119,0.57639,0.44970,0.42826,0.28682,0.49648,-0.79938,-0.74854
43,42.2370,44.8310,1,42.2370,0.75637,-0.01726,-0.77955,-0.05403,0.77068,0.32256,0.71916,-0.88293
44,43.5750,44.9640,1,43.5750,1.65283,-0.09126,0.77857,-0.18594,0.17926,0.32454,0.24318,0.14104
45,43.2620,42.5790,0,-56.7380,0.97481,0.22484,-0.25601,-0.22117,0.12782,0.31886,0.92304,-0.20895
46,44.0470,41.1480,0,-55.9530,0.43255,0.28518,0.49158,-0.10503,0.42490,-0.05832,-0.41932,-0.81221
47,42.6660,40.5800,0,-57.3340,2.93489,0.42209,0.64667,0.64469,1.40559,0.07426,0.08540,0.04002
48,44.0380,39.3560,0,-55.9620,1.01747,0.42976,0.37942,0.03394,0.23234,-0.02303,0.52827,-0.62157
49,44.2940,42.5750,0,-55.7060,1.04284,0.19882,0.61919,-0.59186,0.63983,0.02076,-0.87693,-0.53405
50,43.9320,41.9010,0,-56.0680,0.61293,0.20232,-0.42014,-0.67109,0.79326,-0.00346,-0.78712,-0.74623
51,41.9550,36.3100,0,-58.0450,0.95308,0.58179,-0.88833,0.33357,0.60347,-0.15180,0.56840,0.79598
52,44.3790,43.1880,0,-55.6210,0.77780,0.12440,0.13522,-0.41166,0.48961,0.12698,-0.84887,-0.30768
53,44.4630,42.8340,0,-55.5370,1.01242,0.22343,-0.42491,0.23905,0.73939,0.07311,-0.30484,-0.95810
54,44.1200,40.5110,0,-55.8800,0.99674,0.38394,0.17678,0.02796,0.24428,-0.00133,-0.43553,-0.51192
55,43.0660,44.1440,1,43.0660,2.61783,-0.01009,0.98360,0.30037,1.03956,0.14630,0.76756,-0.57657
56,44.0670,44.7810,1,44.0670,0.65807,-0.05493,0.45883,-0.28017,1.03601,0.00653,0.37388,-0.81129
57,42.6820,38.5270,0,-57.3180,1.08138,0.45663,0.97552,-0.90854,1.34231,0.08862,0.12886,-0.54406
58,43.1260,42.1860,0,-56.8740,1.68675,0.29889,-0.65161,-0.59748,0.15488,-0.16630,-0.97812,-0.49475
59,43.5310,43.3090,1,43.5310,0.96034,0.17408,-0.26334,0.80685,0.94796,0.23868,0.10765,0.98635
60,42.3520,40.9030,0,-57.6480,2.76357,0.37906,0.31721,0.56612,1.40260,-0.02036,0.65409,-0.04654
61,42.9950,42.4570,0,-57.0050,1.47545,0.25856,0.85564,0.45421,1.21364,-0.09811,0.59519,0.91101
62,43.9840,41.2690,0,-56.0160,0.52728,0.25760,0.15864,-0.17312,0.40484,0.16491,-0.32085,-0.16028
63,43.2300,39.7660,0,-56.7700,2.00855,0.49923,-0.86109,0.15892,0.27627,0.22445,-0.13971,0.00828
64,39.3120,39.8500,0,-60.6880,1.74418,0.47606,0.64810,0.06637,1.25724,0.40899,0.88621,-0.57740
65,43.8000,44.0020,1,43.8000,1.76677,0.07152,-0.45690,0.49145,0.72638,-0.03142,0.36368,-0.44084
66,43.8960,42.9760,0,-56.1040,0.51048,0.09270,0.80400,-0.62719,0.88252,0.14246,0.63906,-0.13477
67,39.6390,44.4620,1,39.6390,1.40831,-0.14335,-0.91007,0.50660,1.03321,0.43332,0.80784,-0.31646
68,43.8790,44.9130,1,43.8790,0.86789,-0.12720,0.89865,0.59564,0.12820,-0.02245,0.82666,0.92127
69,43.5910,42.6360,0,-56.4090,0.62411,0.15306,0.07605,-0.58148,0.97760,-0.01441,0.20290,0.42744
70,42.9070,40.7480,0,-57.0930,0.85327,0.34767,-0.06715,-0.08981,1.47972,0.06961,-0.09253,-0.99927
71,43.3880,41.9580,0,-56.6120,2.38331,0.28993,0.09362,0.41078,0.25699,0.16498,0.22976,-0.94564
72,43.7450,40.3250,0,-56.2550,2.29248,0.43143,-0.13865,0.24728,0.22979,-0.06031,0.08817,-0.69193
73,42.4780,44.9170,1,42.4780,1.40164,-0.10863,0.68451,0.04332,0.97586,0.46520,-0.81089,-0.61655
74,43.0860,43.9260,1,43.0860,1.60092,0.10279,0.53334,-0.67807,1.06701,0.24637,0.60082,-0.11178
75,42.9640,37.7650,0,-57.0360,0.97343,0.56464,0.52587,0.86617,1.17199,0.15616,-0.49876,0.70522
76,43.4910,44.0010,1,43.4910,1.67126,0.08595,-0.09362,0.48178,0.22326,-0.04238,-0.22976,0.90735
77,43.6260,42.3110,0,-56.3740,2.12165,0.26878,0.07711,0.33831,0.26457,0.15351,0.18923,-0.77883
78,44.0280,43.1200,0,-55.9720,1.19436,0.19231,0.09698,-0.01809,0.19028,-0.03582,-0.62244,0.48045
79,44.2480,41.1310,0,-55.7520,0.50415,0.29384,-0.61743,0.07107,0.60776,0.01473,0.39551,-0.07839
80,42.5730,42.0220,0,-57.4270,0.62586,0.25689,0.64207,0.22452,0.67774,-0.18870,0.32308,0.29389
81,42.9990,43.0440,0,-57.0010,0.90000,0.17000,0.00000,-0.40237,0.30000,0.32748,-0.89035,-0.84117
82,43.0000,44.4160,1,43.0000,1.90808,-0.18570,-0.47774,-0.15822,0.74445,0.01536,-0.49255,-0.01148
83,43.5830,44.3180,1,43.5830,0.79546,0.03859,0.43437,0.06542,0.26893,-0.09105,-0.42338,0.50957
84,42.7680,42.1210,0,-57.2320,1.65283,0.28317,0.84772,0.89539,0.55188,-0.15308,-0.93568,-0.26382
85,42.3260,42.9180,0,-57.6740,1.49004,0.22484,-0.25601,-0.22117,0.98599,0.33165,0.50491,-0.20895
86,43.4300,42.2680,0,-56.5700,2.90531,0.22160,0.64940,0.92405,0.42490,0.15274,-0.69476,-0.19924
87,44.0350,43.1250,0,-55.9650,2.22795,0.17450,0.82174,-0.92356,0.82318,0.11753,-0.73385,-0.42877
88,43.7200,39.0330,0,-56.2800,0.96353,0.42976,0.34286,-0.15519,0.23234,0.11429,0.39958,-0.62157
89,43.7020,42.8120,0,-56.2980,0.95559,0.17376,0.56778,-0.63778,0.89699,0.16782,0.09918,0.90876
90,43.7530,44.8080,1,43.7530,0.61293,-0.11278,0.39343,-0.34709,0.36845,-0.14401,-0.56488,-0.74623
91,42.0540,37.5680,0,-57.9460,1.27290,0.58179,-0.68661,0.33357,0.20593,-0.18911,0.60356,0.41543
92,43.4850,44.4030,1,43.4850,1.70586,0.00829,0.13522,0.61915,1.09518,0.04682,0.73516,-0.37380
93,44.0610,39.4630,0,-55.9390,1.32653,0.49760,-0.23496,0.48402,0.49201,0.07311,0.79429,-0.16347
94,43.9030,40.8120,0,-56.0970,2.45862,0.39031,0.27218,0.42850,0.24428,-0.00133,0.77483,-0.31330
95,43.4610,42.1750,0,-56.5390,1.56064,0.30143,-0.23819,-0.13159,1.06687,0.14630,0.76756,0.10491
96,42.8760,40.8130,0,-57.1240,1.28662,0.38571,-0.69026,-0.38429,1.03601,-0.11493,0.64133,0.83909
97,43.2210,38.4240,0,-56.7790,0.33865,0.41171,0.97552,-0.90854,0.85530,0.08862,-0.83590,0.53884
98,43.4820,42.0850,0,-56.5180,0.43755,0.15677,0.01654,-0.90847,1.20245,0.16389,-0.97812,-0.10424
99,43.6540,44.5210,1,43.6540,1.52077,-0.00346,-0.69177,-0.51002,0.19320,0.23868,0.48929,0.18589
100,42.7660,40.9630,0,-57.2340,2.76357,0.37267,0.38813,0.46826,1.22843,-0.02036,0.66649,0.58812
101,43.6710,41.2240,0,-56.3290,2.16357,0.36154,-0.48260,-0.37840,0.65425,-0.09811,0.57609,-0.90820
102,42.4740,44.3650,1,42.4740,2.19399,-0.02034,0.34952,-0.43160,0.20605,0.44935,0.41270,0.44499
103,42.9040,39.7470,0,-57.0960,2.00855,0.49923,0.17377,-0.08829,0.27627,-0.14724,-0.13971,0.00828
104,42.3250,43.5170,1,42.3250,0.50351,0.11003,-0.81272,0.24104,1.25724,0.40899,-0.61718,-0.94485
105,43.2720,38.6810,0,-56.7280,1.27556,0.53526,0.65337,0.49145,1.02441,0.07981,-0.68228,0.11062
106,43.3030,43.1520,0,-56.6970,1.83221,0.20907,-0.95623,-0.74699,0.32948,0.30802,0.27255,0.47928
107,43.9790,44.7390,1,43.9790,0.73996,-0.14335,0.32202,-0.70862,0.88095,0.05870,0.38023,0.68521
108,43.7930,44.8760,1,43.7930,0.86789,-0.11870,0.29669,-0.65288,0.83526,-0.02245,0.35032,0.63131
109,44.0380,43.6520,1,44.0380,1.80831,0.15306,0.43583,-0.41261,0.75500,0.11783,0.69841,-0.27734
110,43.9480,43.1960,0,-56.0520,0.85327,0.18491,0.66409,0.99501,0.48331,0.24077,-0.87333,-0.49530
111,44.0380,42.2680,0,-55.9620,1.10779,0.28993,-0.41257,-0.09362,0.25699,0.15975,0.22976,-0.59042
112,43.0250,40.3240,0,-56.9750,1.58359,0.43143,0.06453,0.26238,0.22979,0.33758,-0.31909,0.29278
113,42.6670,44.4190,1,42.6670,2.58667,-0.17853,-0.08430,0.04332,0.97586,0.17426,-0.76202,-0.61655
114,43.9050,44.9280,1,43.9050,1.10214,-0.12919,0.97417,-0.67807,0.80389,0.00149,-0.54740,-0.11178
115,43.5440,44.1070,1,43.5440,2.79273,-0.04139,0.52587,0.59277,0.49609,-0.00227,0.23728,-0.35243
116,42.9460,43.7110,1,42.9460,2.96388,0.03690,-0.09362,0.08674,0.83679,0.03202,0.78689,0.90735
117,44.0270,41.8010,0,-55.9730,1.43084,0.33793,-0.35690,0.80113,0.29834,0.13248,0.55800,0.64628
118,43.4440,39.4730,0,-56.5560,2.47073,0.53806,-0.88609,-0.34193,0.75389,-0.05317,-0.00100,-0.94936
119,43.2430,42.9180,0,-56.7570,2.55315,0.18693,-0.78165,0.00965,0.60776,0.15681,-0.62511,0.24774
120,43.6910,42.1040,0,-56.3090,2.57272,0.27228,-0.55659,0.71399,0.28420,-0.03247,0.82557,-0.86097
121,43.6530,43.2610,1,43.6530,1.28224,0.18298,-0.85360,0.00000,0.19002,0.24522,-0.52104,0.00000
122,43.7370,40.5800,0,-56.2630,0.99646,0.41630,-0.80196,0.55820,0.75036,0.18109,0.45063,0.09202
123,43.1700,41.7550,0,-56.8300,2.80410,0.28598,-0.45479,-0.05403,0.87838,0.05974,-0.49693,0.27268
124,43.0140,44.7280,1,43.0140,0.55170,-0.05687,0.77857,-0.18594,1.29608,-0.12423,0.46683,0.14104
125,42.8910,44.0570,1,42.8910,2.63481,-0.01041,0.16687,0.86221,0.94058,0.10316,0.92304,-0.20895
126,43.7350,44.6310,1,43.7350,0.67155,-0.07111,0.90662,-0.61129,0.83395,-0.05832,0.86666,0.60484
127,44.3920,44.8580,1,44.3920,0.80672,-0.10023,-0.28159,-0.92356,0.62735,0.11753,-0.32291,-0.42877
128,43.0170,40.3240,0,-56.9830,1.65727,0.42976,0.07011,0.74084,0.38639,-0.19390,0.47943,-0.82487
129,44.0590,44.4240,1,44.0590,1.56942,0.04040,0.48244,-0.94368,0.39137,0.16782,-0.99930,-0.57617
130,44.0090,44.7880,1,44.0090,1.60046,-0.14330,0.39343,-0.09186,0.51247,0.16218,-0.20893,0.12809
131,43.0210,36.4110,0,-56.9790,1.16103,0.58179,-0.31026,-0.67225,0.86800,0.10141,-0.63321,-0.19126
132,43.3060,43.8860,1,43.3060,2.69485,0.03264,0.13522,0.99514,0.16590,0.08552,-0.53519,-0.38883
133,44.3750,41.8700,0,-55.6250,0.40278,0.22343,-0.42491,0.23905,0.34144,0.07311,-0.43676,-0.63485
134,43.7930,43.9110,1,43.7930,1.99425,0.09982,-0.38975,-0.38332,0.50970,-0.06078,-0.43553,-0.51192
135,42.9130,40.0840,0,-57.0870,2.61783,0.48226,-0.72671,0.17153,0.13721,0.21093,0.26402,-0.57657
136,43.5990,42.5100,0,-56.4010,2.30198,0.22616,0.70963,-0.28017,1.03601,0.16181,-0.03937,-0.81129
137,43.9860,40.7080,0,-56.0140,1.63789,0.41171,-0.94119,-0.42948,0.39193,0.11399,-0.83590,0.22559
138,43.0970,40.4470,0,-56.9030,0.99670,0.38384,0.31234,0.02794,1.20245,0.16389,0.43488,-0.51168
139,43.7700,40.9150,0,-56.2300,1.51319,0.38782,-0.61300,-0.51002,0.73088,0.17934,0.48929,0.18589
140,43.2750,43.1170,0,-56.7250,2.45715,0.16820,0.52199,0.88042,0.38974,0.17502,0.66649,-0.91640
141,43.0160,41.1820,0,-56.9840,2.16357,0.36154,-0.20965,0.18895,0.65425,-0.10318,0.33608,0.15204
142,44.3340,44.5680,1,44.3340,0.72629,0.01878,-0.14353,0.44941,0.19515,0.09535,0.41270,0.74371
143,43.7140,41.5550,0,-56.2860,0.92565,0.30867,0.87912,0.21161,0.35244,0.22445,-0.62094,0.00828
144,43.2180,44.5770,1,43.2180,1.28593,-0.17697,-0.20103,0.22795,0.51179,0.29015,-0.61718,-0.05659
145,43.9840,44.8170,1,43.9840,1.76677,-0.11377,0.55890,0.49145,0.77962,0.03926,0.36368,0.03205
146,44.2150,42.8170,0,-55.7850,1.18031,0.20907,-0.43291,-0.74699,0.13858,0.14246,-0.19533,0.33792
147,43.8510,41.4770,0,-56.1490,1.28482,0.33681,0.32202,0.14700,0.88095,0.05870,-0.71345,0.14032
148,44.3500,43.7060,1,44.3500,0.86789,0.09722,-0.11262,-0.35270,0.17236,-0.02245,0.00523,0.24720
149,43.2460,44.6990,1,43.2460,1.48085,-0.11415,-0.59520,-0.53713,0.75500,0.19478,0.76728,-0.27734
150,43.7800,38.0460,0,-56.2200,0.85327,0.54275,0.66409,0.99501,0.69102,-0.02602,0.27406,-0.86375
151,42.9570,44.0680,1,42.9570,2.57444,0.00311,0.49471,0.88908,0.78571,0.21818,0.22976,-0.59042
152,43.6200,38.7840,0,-56.3800,1.20941,0.43143,0.92011,-0.92816,0.80112,0.02273,-0.79037,-0.69193
153,43.5930,44.1010,1,43.5930,2.31690,0.02034,-0.13943,-0.08720,0.54894,0.08140,0.90809,-0.61655
154,44.1820,44.6170,1,44.1820,0.51101,-0.12919,0.97417,-0.46187,0.26650,-0.04989,-0.36099,-0.11178
155,43.8900,39.6760,0,-56.1100,1.02313,0.44376,0.40506,0.59277,0.34938,0.09953,0.43058,-0.71519
156,42.6870,38.6200,0,-57.3130,1.16536,0.50705,-0.09362,0.09973,1.37431,0.01403,-0.31267,-0.00413
157,43.8770,42.9170,0,-56.1230,0.74713,0.12212,-0.35690,-0.75755,0.73509,-0.03645,0.82419,0.55727
158,43.2830,42.6060,0,-56.7170,2.42340,0.22405,-0.43407,0.07174,0.31164,0.23579,-0.22026,0.82552
159,44.0440,41.0570,0,-55.9560,0.50415,0.29384,-0.43401,0.07107,0.14148,0.12905,0.39551,-0.37136
160,43.2390,42.6580,0,-56.7610,1.32992,0.27228,-0.73410,0.71399,1.11872,-0.03247,-0.46859,-0.86097
161,43.9210,42.3570,0,-56.0790,0.90000,0.27473,-0.02979,0.52732,0.49461,0.21344,0.00000,-0.37803
162,43.2990,44.6480,1,43.2990,0.37829,-0.19847,-0.46864,-0.64164,0.26900,0.35332,0.33985,0.74376
163,43.6480,44.0770,1,43.6480,2.80410,-0.03479,0.79744,0.36388,0.22211,0.08814,0.70823,0.27268
164,43.0040,44.6690,1,43.0040,1.60327,-0.09126,0.06539,0.86331,0.25575,0.32454,0.24318,0.14104
165,44.4090,43.0700,0,-55.5910,1.51966,0.19654,0.16687,-0.74043,0.27551,0.10316,-0.18551,-0.07354
166,43.4130,41.5400,0,-56.5870,1.07605,0.30823,-0.46411,-0.60409,1.23040,0.07588,-0.05859,0.25353
167,44.1300,44.6950,1,44.1300,1.02140,-0.00623,-0.28159,-0.92356,0.62735,0.21304,-0.33299,-0.22551
168,41.9740,44.6120,1,41.9740,1.79136,-0.07026,-0.21199,0.03394,0.15486,0.40920,0.84387,-0.62157
169,43.3020,38.7910,0,-56.6980,1.37468,0.50000,0.10490,-0.38504,0.73841,0.22015,-0.87693,0.13609
170,44.2380,44.6660,1,44.2380,0.79923,-0.17645,0.39343,-0.96179,0.53292,0.00941,-0.20893,0.12809
171,44.4270,42.7780,0,-55.5730,1.16103,0.21278,-0.35231,-0.67225,0.45833,0.11824,-0.16187,0.26367
172,43.8620,42.8490,0,-56.1380,1.48627,0.22965,0.13522,0.31084,0.48961,0.20796,0.59339,0.74535
173,43.9460,43.9490,1,43.9460,1.24666,0.09438,-0.42491,0.92555,0.73939,0.15561,0.21137,0.04002
174,44.3160,41.4400,0,-55.6840,1.28769,0.34169,-0.38975,-0.38332,0.51466,0.07588,-0.43553,-0.51192
175,42.7540,44.1820,1,42.7540,2.61783,-0.01009,0.98360,-0.86035,0.53386,0.33635,0.76756,-0.06651
176,43.1950,39.0380,0,-56.8050,0.64378,0.42428,0.45883,-0.28017,0.57240,0.18913,0.37388,-0.66888
177,43.8190,41.6150,0,-56.1810,1.29606,0.34168,-0.76816,-0.42948,0.39193,0.23414,-0.73429,0.14442
178,43.5010,43.4560,1,43.5010,0.80399,0.15677,-0.28982,0.78623,0.63691,-0.05426,-0.87762,0.30019
179,43.3400,44.5200,1,43.3400,1.60170,-0.00346,-0.27419,-0.51002,1.20411,0.27067,-0.77023,0.42669
180,44.0300,43.6590,1,44.0300,2.45715,0.12082,0.52199,-0.99068,0.51207,-0.07932,0.66649,-0.18713
181,43.7140,43.8380,1,43.7140,1.49361,0.11309,-0.48260,-0.02742,0.65425,0.21670,0.54434,-0.13864
182,44.1910,42.3550,0,-55.8090,0.72629,0.17955,-0.01610,-0.70703,0.25687,0.11688,0.19910,0.74371
183,43.9220,42.0020,0,-56.0780,1.54912,0.30867,0.04989,0.22477,0.32602,0.18502,-0.62094,0.00828
184,43.5020,42.0310,0,-56.4980,0.76386,0.28091,-0.39111,0.22795,0.83168,0.29015,-0.08563,0.32996
185,43.9930,44.2250,1,43.9930,1.76677,0.05187,0.32585,0.96882,0.77962,-0.02410,0.69489,-0.92061
186,43.4900,44.6280,1,43.4900,1.18031,0.00413,-0.21834,-0.74699,0.16667,0.33645,-0.19533,0.45565
187,43.8270,44.7650,1,43.8270,0.92069,-0.17831,-0.00066,-0.28340,0.57041,0.22007,0.69469,0.06387
188,42.9420,41.0780,0,-57.0580,2.72483,0.35615,-0.11299,0.53474,0.52131,0.22931,0.00523,-0.65069
189,43.0140,44.0690,1,43.0140,0.54353,-0.01432,0.20550,-0.99433,0.25051,-0.15341,-0.25967,0.27523
190,43.7490,42.5920,0,-56.2510,0.85327,0.22946,0.33022,0.32478,0.48331,0.23623,0.36901,-0.49530
191,44.1550,44.4240,1,44.1550,1.83806,-0.00623,0.01949,0.11221,0.53809,0.00570,0.22976,-0.45240
192,43.8630,42.2370,0,-56.1370,1.54701,0.28273,0.28657,0.02219,0.29666,-0.06031,0.08817,0.36035
193,43.0390,44.0290,1,43.0390,2.31690,0.02034,-0.39956,0.51255,0.77236,0.00490,-0.01130,0.66445
194,39.6510,44.9310,1,39.6510,0.74439,-0.12919,-0.06684,-0.46187,1.34109,0.45086,0.65696,-0.86320
195,42.6460,43.0600,0,-57.3540,1.86743,0.20214,0.52587,0.59277,0.22608,0.41725,0.51190,0.21421
196,44.2190,41.7140,0,-55.7810,1.04718,0.29813,0.12161,-0.38077,0.38883,0.10394,-0.22976,-0.63013
197,42.3070,42.1720,0,-57.6930,1.60793,0.31236,-0.79765,0.21415,1.44031,0.27807,0.14442,0.64628
198,43.9240,44.2780,1,43.9240,1.05052,0.05881,-0.30088,-0.42714,0.35056,0.25461,0.21737,-0.01849
199,44.0460,44.6340,1,44.0460,0.50415,-0.03603,0.60306,-0.27561,0.61455,0.20123,0.69117,0.15195
200,43.3270,44.1470,1,43.3270,1.66669,0.05622,-0.49087,0.71399,1.04902,0.08095,-0.24207,0.86511
201,42.9920,43.4390,1,42.9920,1.44774,0.17000,-0.06010,-0.37391,1.40879,-0.05975,0.07737,0.00000
202,41.9760,35.3600,0,-58.0240,0.88833,0.56268,-0.46864,-0.64164,0.46603,0.35332,-0.84246,0.06601
203,43.3250,43.7660,1,43.3250,1.46736,0.13798,0.06938,-0.03421,0.17576,0.34624,0.50973,0.38523
204,43.1180,43.8890,1,43.1180,2.27947,0.08597,0.77857,0.94851,0.89977,0.19807,0.71656,-0.35613
205,43.4160,44.0370,1,43.4160,2.17457,0.03279,-0.04931,0.86221,0.70905,0.16703,-0.22845,-0.48729
206,43.5030,42.0770,0,-56.4970,1.72632,0.30240,-0.31728,-0.13734,0.59147,0.26998,-0.40280,-0.11991
207,43.5210,44.7540,1,43.5210,1.48840,-0.10023,-0.62819,-0.92356,0.12301,0.22335,0.12812,-0.64320
208,42.2830,42.2970,0,-57.7170,2.11926,0.27341,-0.21199,-0.15986,0.15486,0.40920,0.43708,-0.62157
209,43.9840,43.3180,1,43.9840,0.84674,0.11245,0.56778,-0.56960,0.63983,0.16782,-0.03030,0.84748
210,44.0680,43.0360,0,-55.9320,0.79923,0.20046,-0.05371,0.58554,0.43347,0.22595,-0.20893,0.12809
211,43.5340,43.2690,1,43.5340,1.16103,0.16798,-0.14833,-0.67225,0.84530,-0.03558,-0.35870,0.68985
212,42.1950,42.3370,0,-57.8050,2.63624,0.24498,-0.84102,0.14163,1.32531,-0.04731,-0.53519,-0.12483
213,44.1210,42.8670,0,-55.8790,0.76621,0.21876,-0.42491,0.92555,0.73939,0.15875,-0.36837,-0.85811
214,42.9460,39.4190,0,-57.0540,1.99425,0.52889,-0.38975,-0.16064,0.13204,-0.17361,0.55069,-0.51192
215,43.2080,42.3510,0,-56.7920,2.61783,0.24197,-0.08831,0.28853,1.06697,0.06246,-0.35876,-0.69689
216,44.3580,43.6310,1,44.3580,1.52721,0.16120,0.01484,-0.28017,0.33975,0.08444,0.37388,0.51539
217,43.9460,42.6760,0,-56.0540,1.29461,0.25331,-0.00856,-0.15147,0.32569,0.19294,0.58022,-0.44109
218,43.8170,42.4120,0,-56.1830,1.06808,0.28552,-0.87261,0.71145,0.24429,0.21339,-0.87762,0.30019
219,43.5700,37.9720,0,-56.4300,1.01838,0.48496,-0.84038,-0.57799,0.22374,0.02664,0.48929,0.41634
220,44.5180,44.0390,1,44.5180,0.70943,0.05358,0.84761,-0.19377,0.26901,0.08793,0.11464,0.22688
221,43.7570,42.0520,0,-56.2430,1.49361,0.26390,0.37876,-0.99528,0.33587,0.21670,0.72362,0.16392
222,44.4680,44.5800,1,44.4680,0.72629,0.01878,0.06940,0.35998,0.14721,0.09535,0.48913,-0.47084
223,43.9990,42.1800,0,-56.0010,1.54912,0.29625,-0.10557,-0.24268,0.15196,0.18502,0.41784,0.24021
224,43.2590,40.9840,0,-56.7410,1.13449,0.31705,0.55547,-0.70528,0.78590,-0.06858,-0.09618,-0.05659
225,43.9260,43.7240,1,43.9260,1.76677,0.11521,-0.30428,0.96882,0.46372,-0.02553,-0.34003,-0.39967
226,43.9770,41.7530,0,-56.0230,1.18031,0.32662,-0.82363,-0.38543,0.62822,0.11775,-0.95666,0.67166
227,41.6430,44.6210,1,41.6430,1.39212,-0.01600,-0.04970,0.55134,0.10087,0.44725,0.93888,-0.84577
228,43.6370,42.9240,0,-56.3630,1.30626,0.22902,-0.38592,0.44156,0.76232,-0.02245,0.00523,0.39883
229,43.6860,44.5750,1,43.6860,1.80831,-0.01919,0.43583,-0.51525,0.56793,0.27811,-0.75348,-0.48852
230,42.3250,42.3210,0,-57.6750,2.94758,0.21578,0.09997,0.99501,0.49177,-0.19891,0.48676,-0.49530
231,43.8990,44.6200,1,43.8990,1.25724,-0.00623,-0.56435,0.24789,0.47587,-0.07368,0.22976,-0.17961
232,44.4630,44.7290,1,44.4630,1.54701,-0.03193,0.52852,0.01317,0.58346,0.10300,-0.93964,-0.39265
233,43.2240,42.0700,0,-56.7760,2.36610,0.27404,0.51651,0.78774,0.42383,0.16839,0.90809,-0.98510
234,44.0830,40.8760,0,-55.9170,0.31991,0.31732,-0.63890,0.60354,0.34173,-0.02278,0.04842,-0.11178
235,44.4350,43.0480,0,-55.5650,0.32030,0.06819,0.80256,-0.93778,0.49609,-0.00227,0.37459,-0.35243
236,43.0370,43.6830,1,43.0370,0.37746,0.06592,0.93102,0.22260,0.37794,-0.19108,-0.12933,-0.44301
237,43.5730,43.5560,1,43.5730,1.43084,0.15965,0.07250,-0.27786,0.29834,-0.11663,-0.76501,-0.29143
238,44.3790,44.2190,1,44.3790,1.74476,0.05881,0.28608,-0.60317,0.35056,0.11755,0.16339,0.15107
239,44.3070,41.9910,0,-55.6930,0.47050,0.19462,0.36326,-0.27561,0.61455,0.01763,-0.16645,-0.23739
240,43.6330,42.8170,0,-56.3670,1.65339,0.23337,0.16007,0.37968,0.97166,-0.03916,0.40940,-0.56025
